date,floor_price,opening_price,ceiling_price,volume,closing_price
2013-08-01,4.820,4.820,4.900,5301950,4.880
2013-08-02,4.850,4.900,4.970,7046372,4.910
2013-08-05,4.880,4.890,4.970,4625789,4.960
2013-08-06,4.910,4.950,5.140,11177925,5.080
2013-08-07,5.020,5.060,5.160,7296544,5.040
2013-08-08,4.980,5.010,5.120,5212689,5.000
2013-08-09,4.920,5.010,5.050,4821097,5.000
2013-08-12,4.980,4.980,5.090,7360903,5.090
2013-08-13,5.060,5.080,5.120,6210184,5.110
2013-08-14,5.100,5.100,5.280,11002989,5.180
2013-08-15,5.070,5.180,5.230,6180454,5.080
2013-08-16,4.960,5.050,5.160,8046875,4.970
2013-08-19,4.930,4.930,5.110,5760985,5.090
2013-08-20,5.020,5.130,5.130,4397216,5.050
2013-08-21,5.010,5.020,5.110,4270968,5.110
2013-08-22,5.060,5.100,5.120,3981984,5.080
2013-08-23,5.020,5.160,5.280,10710432,5.120
2013-08-26,5.060,5.080,5.620,24652132,5.510
2013-08-27,5.460,5.480,5.880,28593988,5.580
2013-08-28,5.480,5.570,6.080,34359276,5.900
2013-08-29,5.640,5.860,6.070,24412486,5.810
2013-08-30,5.750,5.750,6.180,28831294,5.940
2013-09-02,5.510,5.940,6.070,17766028,5.660
2013-09-03,5.590,5.620,5.780,9224452,5.680
2013-09-04,5.580,5.680,5.970,19385114,5.860
2013-09-05,5.560,5.790,5.790,13146732,5.620
2013-09-06,5.580,5.610,5.870,16070996,5.770
2013-09-09,5.700,5.760,5.920,16797160,5.840
2013-09-10,5.800,5.840,6.250,31286422,6.120
2013-09-11,5.890,6.150,6.280,22114212,6.070
2013-09-12,5.920,5.960,6.360,27579088,6.260
2013-09-13,5.990,6.220,6.320,18871588,6.090
2013-09-16,6.000,6.100,6.180,10010921,6.100
2013-09-17,5.720,6.070,6.070,15143750,5.740
2013-09-18,5.680,5.730,6.300,23573694,6.130
2013-09-23,6.030,6.100,6.480,30304640,6.340
2013-09-24,6.230,6.300,6.560,22505760,6.300
2013-09-25,6.310,6.310,6.780,32613948,6.400
2013-09-26,5.810,6.300,6.300,19081168,5.830
2013-09-27,5.780,5.840,6.410,21855660,6.140
2013-09-30,5.990,6.110,6.170,12839309,6.070
2013-10-08,6.020,6.020,6.160,8706582,6.070
2013-10-09,6.020,6.070,6.170,9026590,6.160
2013-10-10,6.120,6.130,6.380,15953578,6.190
2013-10-11,6.300,6.350,6.810,25612720,6.810
2013-10-14,7.490,7.490,7.490,4631075,7.490
2013-10-15,7.620,8.100,8.240,99100944,8.240
2013-10-16,7.420,7.910,7.940,68980104,7.440
2013-10-17,7.250,7.570,7.670,43083248,7.540
2013-10-18,7.200,7.380,7.850,45200212,7.810
2013-10-21,7.620,8.300,8.300,51879344,7.830
2013-10-22,7.350,7.670,7.750,30989716,7.410
2013-10-23,6.950,7.300,7.600,24152384,7.090
2013-10-24,6.900,7.090,7.170,10837958,7.040
2013-10-25,6.800,7.040,7.110,12446021,6.930
2013-10-28,6.870,6.980,7.060,11063255,6.950
2013-10-29,6.260,6.930,6.980,23100076,6.390
2013-10-30,6.210,6.310,6.460,12914746,6.440
2013-10-31,6.150,6.370,6.440,11066816,6.200
2013-11-01,6.270,6.330,6.580,13941252,6.350
2013-11-04,6.240,6.270,6.390,9252665,6.310
2013-11-05,6.160,6.300,6.940,29140880,6.940
2013-11-06,6.730,6.940,7.050,21193832,6.760
2013-11-07,6.580,6.600,6.840,9472120,6.590
2013-11-08,6.470,6.550,6.800,10225126,6.610
2013-11-11,6.300,6.590,6.620,8265197,6.360
2013-11-12,6.290,6.370,6.620,8849000,6.540
2013-11-13,6.280,6.350,6.480,6725594,6.290
2013-11-14,6.100,6.260,6.370,7566995,6.350
2013-11-15,6.320,6.350,6.990,16700024,6.990
2013-11-18,7.410,7.690,7.690,76017504,7.660
2013-11-19,7.300,7.520,7.700,44101072,7.480
2013-11-20,7.380,7.400,7.770,35352624,7.660
2013-11-21,7.450,7.640,8.180,44804060,7.670
2013-11-22,7.380,7.500,8.040,38225504,7.960
2013-11-25,7.680,7.790,8.750,53940160,8.290
2013-11-26,8.150,8.210,8.640,36242356,8.170
2013-11-27,7.890,8.150,8.220,27484396,8.080
2013-11-28,8.040,8.050,8.600,33272376,8.260
2013-11-29,8.100,8.200,8.450,22085172,8.440
2013-12-02,7.600,8.120,8.370,29772080,7.810
2013-12-03,7.630,7.630,8.350,21855732,8.300
2013-12-04,8.260,8.300,8.950,40266604,8.630
2013-12-05,8.370,8.610,8.660,27104632,8.600
2013-12-06,8.440,8.510,8.750,15446755,8.520
2013-12-09,8.460,8.560,8.700,14010518,8.540
2013-12-10,8.650,8.670,9.300,36335216,8.940
2013-12-11,8.330,8.760,8.850,22778038,8.590
2013-12-12,8.450,8.620,8.900,18717908,8.530
2013-12-13,8.310,8.450,8.570,12652007,8.430
2013-12-16,7.800,8.430,8.520,23324318,7.820
2013-12-17,7.490,7.820,7.920,17424978,7.530
2013-12-18,7.350,7.570,7.590,11573881,7.530
2013-12-19,7.350,7.550,7.640,10035787,7.420
2013-12-20,7.370,7.380,7.570,11518334,7.450
2013-12-23,6.950,7.400,7.450,10636665,7.110
2013-12-24,7.040,7.150,7.320,7571795,7.170
2013-12-25,7.100,7.150,7.280,6929454,7.270
2013-12-26,7.070,7.230,7.290,7136726,7.080
2013-12-27,7.020,7.040,7.220,6564071,7.180
2013-12-30,7.150,7.210,7.300,5543088,7.210
2013-12-31,7.120,7.250,7.830,18079444,7.660
2014-01-02,7.440,7.510,7.690,12251025,7.500
2014-01-03,7.150,7.460,7.530,9349963,7.200
2014-01-06,6.680,7.190,7.190,8623380,6.710
2014-01-07,6.560,6.620,6.950,6157491,6.760
2014-01-08,6.620,6.760,6.870,5839092,6.700
2014-01-09,6.630,6.700,6.890,6136303,6.680
2014-01-10,6.590,6.640,6.750,4745116,6.700
2014-01-13,6.500,6.720,6.770,4720390,6.570
2014-01-14,6.420,6.550,6.780,5505270,6.750
2014-01-15,6.650,6.720,6.820,4705369,6.810
2014-01-16,6.750,6.810,7.000,7941844,6.890
2014-01-17,6.610,6.850,6.860,4955986,6.610
2014-01-20,6.530,6.600,6.760,3014301,6.650
2014-01-21,6.640,6.640,6.850,4687548,6.780
2014-01-22,6.750,6.750,7.100,11057361,7.090
2014-01-23,7.010,7.150,7.160,9268328,7.080
2014-01-24,7.010,7.050,7.240,8197392,7.110
2014-01-27,7.030,7.050,7.390,9981213,7.260
2014-01-28,7.080,7.270,7.360,7921851,7.220
2014-01-29,7.170,7.250,7.290,5743087,7.200
2014-01-30,7.130,7.200,7.380,8355684,7.310
2014-02-07,7.180,7.250,7.400,7683089,7.330
2014-02-10,7.320,7.330,7.630,12435647,7.570
2014-02-11,7.500,7.580,7.830,13753142,7.580
2014-02-12,7.470,7.600,7.720,10321209,7.660
2014-02-13,7.480,7.620,8.430,36966472,8.030
2014-02-14,7.860,7.960,8.170,20956432,8.070
2014-02-17,7.940,8.110,8.280,18413530,8.140
2014-02-18,8.030,8.110,8.340,21262680,8.270
2014-02-19,8.160,8.200,8.600,21914520,8.290
2014-02-20,7.980,8.330,8.520,21936666,8.010
2014-02-21,7.620,8.030,8.070,14613273,7.850
2014-02-24,7.780,7.800,8.060,11374066,7.900
2014-02-25,7.500,7.880,8.150,16811496,7.720
2014-02-26,7.510,7.650,7.860,11460586,7.840
2014-02-27,7.560,7.840,8.060,13619578,7.590
2014-02-28,7.180,7.520,7.580,11116196,7.440
2014-03-03,7.400,7.400,8.180,22760110,8.180
2014-03-04,8.150,8.210,8.450,37769764,8.390
2014-03-05,8.000,8.340,8.340,19577284,8.140
2014-03-06,7.930,8.150,8.380,22569986,8.310
2014-03-07,8.030,8.220,8.300,14103127,8.160
2014-03-10,7.530,7.930,7.980,15562454,7.620
2014-03-11,7.540,7.600,7.890,10368180,7.690
2014-03-12,7.530,7.590,7.870,9137405,7.720
2014-03-13,7.640,7.730,7.900,9037339,7.770
2014-03-14,7.530,7.670,7.790,6597417,7.610
2014-03-17,7.600,7.640,7.810,6735278,7.780
2014-03-18,7.790,7.840,8.230,19070176,8.210
2014-03-19,8.040,8.100,8.190,12533752,8.150
2014-03-20,7.650,8.150,8.270,15771916,7.700
2014-03-21,7.600,7.600,8.470,21247996,8.230
2014-03-24,8.180,8.260,8.500,23766560,8.430
2014-03-25,8.400,8.430,8.990,34658932,8.590
2014-03-26,8.340,8.550,8.670,16282453,8.370
2014-03-27,8.360,8.410,8.700,20776972,8.440
2014-03-28,8.370,8.450,8.880,21867124,8.380
2014-03-31,7.630,8.300,8.370,17842500,7.780
2014-04-01,7.650,7.730,7.880,6560338,7.860
2014-04-02,7.730,7.870,7.890,6458860,7.810
2014-04-03,7.750,7.810,7.900,4771758,7.860
2014-04-04,7.780,7.880,7.990,6553535,7.950
2014-04-08,7.880,7.920,8.150,7606526,8.150
2014-04-09,8.080,8.150,8.270,9147309,8.240
2014-04-10,8.250,8.250,8.390,9720959,8.280
2014-04-11,8.190,8.240,8.500,11547615,8.400
2014-04-14,8.250,8.400,8.450,9045811,8.330
2014-04-15,8.200,8.310,8.430,9585851,8.260
2014-04-16,8.030,8.210,8.270,8200959,8.140
2014-04-17,8.200,8.230,8.590,22550608,8.430
2014-04-18,8.290,8.380,8.650,15597186,8.530
2014-04-21,8.370,8.400,8.880,21420896,8.480
2014-04-22,8.230,8.410,8.740,21035844,8.710
2014-04-23,8.470,8.600,8.940,22894804,8.500
2014-04-24,8.250,8.400,8.480,13524429,8.280
2014-04-25,8.120,8.270,8.440,9162363,8.150
2014-04-28,7.340,8.070,8.110,16508333,7.340
2014-04-29,7.330,7.340,7.590,7034220,7.570
2014-04-30,7.530,7.590,7.820,8095085,7.690
2014-05-05,7.650,7.680,7.860,5469128,7.810
2014-05-06,7.700,7.820,7.880,6424924,7.730
2014-05-07,7.500,7.650,7.890,9589404,7.750
2014-05-08,7.610,7.620,7.910,7043914,7.750
2014-05-09,7.490,7.780,7.810,5887971,7.610
2014-05-12,7.620,7.670,7.870,8317605,7.830
2014-05-13,7.750,7.800,7.870,3625523,7.820
2014-05-14,7.720,7.790,7.850,4043168,7.730
2014-05-15,7.420,7.700,7.750,6279776,7.430
2014-05-16,7.260,7.390,7.500,3744070,7.420
2014-05-19,7.260,7.410,7.500,3009188,7.380
2014-05-20,7.300,7.460,7.520,4003189,7.370
2014-05-21,7.260,7.350,7.400,3761185,7.390
2014-05-22,7.200,7.380,7.470,6947217,7.200
2014-05-23,7.050,7.220,7.240,6428292,7.140
2014-05-26,7.150,7.160,7.250,3563222,7.250
2014-05-27,7.130,7.240,7.260,3476958,7.150
2014-05-28,7.120,7.160,7.340,5748504,7.330
2014-05-29,7.220,7.320,7.500,6660693,7.350
2014-05-30,7.220,7.300,7.380,4902995,7.320
2014-06-03,7.210,7.340,7.370,5638497,7.260
2014-06-04,7.090,7.250,7.290,3476491,7.140
2014-06-05,7.090,7.160,7.260,4793878,7.250
2014-06-06,7.060,7.240,7.240,3963009,7.090
2014-06-09,6.960,7.060,7.100,4497970,6.980
2014-06-10,6.950,7.000,7.080,4246487,7.050
2014-06-11,6.990,7.040,7.140,5599069,7.130
2014-06-12,7.000,7.090,7.130,4519315,7.010
2014-06-13,7.010,7.030,7.100,4247275,7.090
2014-06-16,7.080,7.080,7.130,4146774,7.120
2014-06-17,7.030,7.100,7.140,2942796,7.040
2014-06-18,6.800,7.060,7.060,5924196,6.810
2014-06-19,6.550,6.800,6.910,4788754,6.640
2014-06-20,6.600,6.620,6.700,2369995,6.680
2014-06-23,6.650,6.690,6.740,2388580,6.680
2014-06-24,6.680,6.710,6.740,1870100,6.720
2014-06-25,6.670,6.720,6.770,3114216,6.770
2014-06-26,6.760,6.760,7.080,6280319,6.970
2014-06-27,6.980,6.990,7.130,5698572,7.040
2014-06-30,6.990,7.050,7.310,13067485,7.270
2014-07-01,7.180,7.260,7.340,8266989,7.260
2014-07-02,7.210,7.230,7.570,17813700,7.430
2014-07-03,7.310,7.350,7.480,14449457,7.380
2014-07-04,7.200,7.350,7.370,7743286,7.310
2014-07-07,7.220,7.290,7.410,4804665,7.390
2014-07-08,7.280,7.430,7.480,5519096,7.320
2014-07-09,7.040,7.270,7.320,6806713,7.070
2014-07-10,7.060,7.080,7.160,3552349,7.130
2014-07-11,7.100,7.150,7.320,6900286,7.310
2014-07-14,7.290,7.300,7.500,10119848,7.480
2014-07-15,7.400,7.470,7.740,17026080,7.730
2014-07-16,7.580,7.660,7.800,17783304,7.730
2014-07-17,7.470,7.590,7.860,21407648,7.800
2014-07-18,7.670,7.720,7.970,19252538,7.830
2014-07-21,7.620,7.790,7.800,11874194,7.760
2014-07-22,7.650,7.750,7.920,22354152,7.860
2014-07-23,7.700,7.800,7.950,16366360,7.860
2014-07-24,7.610,7.810,8.230,20708444,7.680
2014-07-25,7.530,7.650,7.850,12151730,7.780
2014-07-28,7.750,7.780,8.060,20476010,8.010
2014-07-29,7.900,8.000,8.090,13620207,7.970
2014-07-30,7.900,7.950,8.180,17113184,7.930
2014-07-31,7.910,7.930,8.050,7776483,7.990
2014-08-01,7.770,8.000,8.030,11549367,7.840
2014-08-04,7.810,7.810,8.150,21020680,8.090
2014-08-05,8.010,8.060,8.470,31748580,8.380
2014-08-06,8.180,8.310,8.550,27137844,8.420
2014-08-07,8.260,8.350,8.580,28164156,8.430
2014-08-08,8.320,8.380,8.480,24231672,8.440
2014-08-11,8.310,8.410,8.540,21358986,8.440
2014-08-12,8.330,8.380,8.650,18494224,8.350
2014-08-13,8.150,8.320,8.490,13555605,8.250
2014-08-14,8.090,8.210,8.270,10787917,8.100
2014-08-15,8.110,8.130,8.270,7845173,8.240
2014-08-18,8.180,8.260,8.280,6943422,8.230
2014-08-19,8.190,8.250,8.300,8769847,8.260
2014-08-20,8.210,8.260,8.320,7245237,8.260
2014-08-21,8.120,8.210,8.320,9993644,8.300
2014-08-22,8.350,8.350,8.560,16440281,8.470
2014-08-25,8.400,8.530,8.600,11902192,8.530
2014-08-26,8.050,8.540,8.550,11510532,8.130
2014-08-27,7.980,8.060,8.170,6251234,8.040
2014-08-28,7.760,8.040,8.060,7807773,7.880
2014-08-29,7.800,7.880,8.040,4008051,7.990
2014-09-01,7.970,8.000,8.220,4686151,8.160
2014-09-02,8.110,8.180,8.210,6602858,8.200
2014-09-03,8.170,8.200,8.350,11522788,8.300
2014-09-04,8.280,8.300,8.580,21557608,8.490
2014-09-05,8.440,8.500,8.870,31004308,8.700
2014-09-09,8.570,8.670,8.720,22423068,8.690
2014-09-10,8.550,8.600,8.700,18169014,8.660
2014-09-11,8.430,8.650,8.740,19145584,8.540
2014-09-12,8.460,8.470,8.750,19040468,8.680
2014-09-15,8.560,8.610,8.710,18661814,8.630
2014-09-16,8.370,8.640,8.850,24876646,8.410
2014-09-17,8.170,8.420,8.450,10101255,8.360
2014-09-18,8.350,8.360,8.450,6211982,8.420
2014-09-19,8.280,8.440,8.460,7730272,8.450
2014-09-22,8.340,8.440,8.580,9524447,8.480
2014-09-23,8.430,8.440,8.740,16538140,8.660
2014-09-24,8.620,8.630,8.880,18955562,8.800
2014-09-25,8.610,8.730,8.890,17105772,8.700
2014-09-26,8.500,8.690,8.690,8657060,8.640
2014-09-29,8.570,8.570,8.870,15513376,8.820
2014-09-30,8.770,8.820,8.930,12668725,8.800
2014-10-08,8.680,8.810,9.100,22838344,9.060
2014-10-09,8.850,9.080,9.130,19043600,8.940
2014-10-10,8.860,8.900,9.190,21217424,9.170
2014-10-13,8.900,9.100,9.260,13788827,9.160
2014-10-14,9.120,9.160,9.470,22643732,9.460
2014-10-15,9.220,9.410,9.600,21924540,9.270
2014-10-16,9.100,9.200,9.390,11939798,9.120
2014-10-17,8.700,8.930,9.140,12782289,8.860
2014-10-20,8.890,8.920,9.160,9999018,9.150
2014-10-21,9.050,9.150,9.260,9000452,9.170
2014-10-22,8.870,9.180,9.250,7925191,8.880
2014-10-23,8.500,8.880,8.960,8449674,8.610
2014-10-24,8.520,8.680,8.730,4365760,8.620
2014-10-27,8.520,8.610,8.750,4603497,8.690
2014-10-28,8.700,8.750,8.980,6103870,8.930
2014-10-29,8.940,8.940,9.320,15394104,9.150
2014-10-30,9.020,9.190,9.300,10902599,9.150
2014-10-31,9.080,9.090,9.300,10788288,9.230
2014-11-03,9.130,9.280,9.280,8488309,9.210
2014-11-04,8.970,9.190,9.260,8215715,9.000
2014-11-05,8.870,9.000,9.090,7960233,8.920
2014-11-06,8.900,8.910,9.050,5409259,9.030
2014-11-07,9.000,9.040,9.260,11121385,9.020
2014-11-10,8.900,9.020,9.300,14102047,9.270
2014-11-11,8.820,9.270,9.330,13368179,9.000
2014-11-12,8.850,9.000,9.840,27182030,9.630
2014-11-13,9.380,9.510,9.780,17311444,9.430
2014-11-14,9.280,9.380,9.700,12724593,9.340
2014-11-17,9.210,9.350,9.530,9187247,9.380
2014-11-18,9.280,9.330,9.670,11185679,9.500
2014-11-19,9.450,9.540,9.650,9423210,9.500
2014-11-20,9.470,9.470,9.770,12287966,9.650
2014-11-21,9.570,9.580,9.750,11833524,9.710
2014-11-24,9.660,9.800,10.080,20179232,10.000
2014-11-25,9.900,9.970,10.480,23918752,10.140
2014-11-26,9.960,10.100,10.190,12125803,10.090
2014-11-27,9.840,10.110,10.120,13491480,9.890
2014-11-28,9.700,9.890,10.030,14074654,9.800
2014-12-01,9.650,9.780,9.840,9508276,9.660
2014-12-02,9.630,9.670,9.870,9252501,9.800
2014-12-03,9.670,9.810,10.050,13127577,10.040
2014-12-04,9.900,10.000,10.130,12910801,10.050
2014-12-05,9.300,10.050,10.050,18579746,9.430
2014-12-08,9.350,9.430,9.640,11690801,9.410
2014-12-09,9.150,9.420,9.700,17433556,9.220
2014-12-10,9.180,9.180,9.660,15140260,9.650
2014-12-11,9.420,9.610,9.780,14053435,9.680
2014-12-12,9.550,9.690,9.700,8365788,9.620
2014-12-15,9.530,9.630,10.070,14624162,9.990
2014-12-16,9.810,9.910,10.030,9369947,9.980
2014-12-17,9.750,9.980,10.150,12855509,9.820
2014-12-18,9.700,9.830,9.980,8837477,9.750
2014-12-19,9.500,9.680,9.950,12432504,9.640
2014-12-22,9.000,9.600,9.630,11529496,9.090
2014-12-23,9.030,9.090,9.250,5242161,9.060
2014-12-24,9.050,9.080,9.250,4493878,9.200
2014-12-25,9.120,9.200,9.230,4108854,9.220
2014-12-26,9.170,9.220,9.420,6103938,9.360
2014-12-29,9.110,9.350,9.360,6299973,9.150
2014-12-30,8.630,9.080,9.150,10171917,8.650
2014-12-31,8.640,8.650,8.930,4964944,8.830
2015-01-05,8.710,8.830,8.980,5749498,8.910
2015-01-06,8.810,8.880,9.020,5874386,8.940
2015-01-07,8.880,8.950,9.180,7694132,9.100
2015-01-08,9.000,9.100,9.220,5388737,9.020
2015-01-09,8.960,9.000,9.160,5436586,8.980
2015-01-12,8.690,8.930,8.990,4254401,8.750
2015-01-13,8.710,8.710,9.190,9819027,9.180
2015-01-14,9.100,9.170,9.290,3951336,9.160
2015-01-15,9.100,9.170,9.280,4292788,9.270
2015-01-16,9.170,9.220,9.420,6611461,9.400
2015-01-19,8.880,9.010,9.240,6033108,9.000
2015-01-20,9.040,9.070,9.270,5597451,9.200
2015-01-21,9.130,9.170,9.800,16395907,9.670
2015-01-22,9.580,9.610,9.750,11606902,9.700
2015-01-23,9.630,9.730,9.990,12416294,9.760
2015-01-26,9.860,10.080,10.350,25597860,10.280
2015-01-27,9.880,10.270,10.270,17072956,10.080
2015-01-28,9.970,10.050,11.090,32939918,10.660
2015-01-29,10.380,10.590,10.860,23582660,10.710
2015-01-30,10.220,10.680,10.900,14999698,10.270
2015-02-02,10.110,10.190,10.570,12270535,10.420
2015-02-03,10.310,10.490,10.650,10964362,10.350
2015-02-04,10.200,10.330,10.500,9361911,10.370
2015-02-05,10.000,10.420,10.460,12782885,10.270
2015-02-06,9.950,10.260,10.370,9289491,9.980
2015-02-09,9.300,9.870,10.030,9204045,9.580
2015-02-10,9.500,9.580,9.710,5075843,9.700
2015-02-11,9.650,9.770,9.770,8402555,9.660
2015-02-12,9.700,9.700,9.940,8638443,9.800
2015-02-13,9.840,9.850,10.130,8612925,10.050
2015-02-16,10.050,10.050,10.430,11044798,10.300
2015-02-17,10.230,10.350,10.490,9744163,10.420
2015-02-25,10.260,10.390,10.440,7575696,10.300
2015-02-26,10.260,10.280,10.410,6171613,10.370
2015-02-27,10.340,10.370,10.470,7826882,10.450
2015-03-02,10.430,10.500,10.740,10407319,10.690
2015-03-03,10.560,10.850,11.050,22794782,10.670
2015-03-04,10.510,10.630,11.090,19240040,10.960
2015-03-05,10.880,10.990,12.060,47217324,12.060
2015-03-06,11.780,12.040,13.180,40591872,12.600
2015-03-09,12.300,12.550,13.730,46596216,12.460
2015-03-10,12.220,12.450,13.000,34605212,12.790
2015-03-11,12.050,12.800,12.820,29355970,12.290
2015-03-12,12.060,12.350,12.610,20056608,12.250
2015-03-13,12.110,12.250,13.000,26203232,12.820
2015-03-16,13.020,13.150,13.980,32520736,13.660
2015-03-17,13.380,13.770,14.360,27956306,13.670
2015-03-18,13.380,13.670,14.850,39175708,14.660
2015-03-19,14.250,14.450,14.940,27084516,14.740
2015-03-20,14.380,14.600,14.890,21195860,14.750
2015-03-23,14.550,14.920,16.230,39928656,15.830
2015-03-24,14.980,15.550,15.860,25314168,15.560
2015-03-25,14.760,15.730,15.730,29163700,14.920
2015-03-26,14.350,14.930,14.970,18457488,14.450
2015-03-27,13.560,14.380,14.380,37521464,14.100
2015-03-30,13.700,14.000,14.020,39104744,14.010
2015-03-31,13.800,14.000,14.350,31535736,14.260
2015-04-01,14.080,14.260,14.580,23191472,14.330
2015-04-02,14.150,14.360,14.500,25206646,14.370
2015-04-03,14.180,14.220,14.690,27124320,14.670
2015-04-07,14.690,14.690,15.200,30529568,14.890
2015-04-08,14.260,14.950,15.100,28441354,14.640
2015-04-09,13.500,14.500,14.630,19973100,14.190
2015-04-10,14.000,14.000,14.440,14721319,14.300
2015-04-13,14.170,14.290,14.790,25798120,14.710
2015-04-14,14.550,14.690,15.160,33994276,14.990
2015-04-15,14.120,14.940,14.940,20437414,14.170
2015-04-16,13.700,14.000,14.630,16205292,14.280
2015-04-17,14.280,14.300,14.790,23282956,14.390
2015-04-20,13.960,14.280,14.590,24839796,13.990
2015-04-21,13.990,13.990,14.390,16425023,14.340
2015-04-22,14.370,14.370,15.080,39760580,14.980
2015-04-23,14.840,15.100,15.790,43835552,15.710
2015-04-24,15.260,15.500,16.030,29191480,15.450
2015-04-27,15.020,15.550,15.830,26799032,15.180
2015-04-28,14.150,15.140,15.140,22970524,14.330
2015-04-29,14.330,14.330,15.070,19001674,14.910
2015-04-30,14.740,14.870,15.080,15854981,14.800
2015-05-04,14.390,14.850,14.880,13354030,14.510
2015-05-05,13.880,14.530,14.660,12121415,14.020
2015-05-06,13.190,14.030,14.200,11821956,13.470
2015-05-07,12.880,13.500,13.630,11693597,13.030
2015-05-08,13.060,13.200,13.370,10517970,13.360
2015-05-11,13.400,13.570,14.080,11766648,14.050
2015-05-12,14.060,14.120,14.980,20425316,14.550
2015-05-13,14.210,14.320,14.850,17789176,14.530
2015-05-14,14.270,14.530,14.780,18454776,14.750
2015-05-15,14.380,14.780,15.980,31185648,15.570
2015-05-18,15.150,15.150,15.780,24186940,15.290
2015-05-19,15.070,15.350,15.500,19526988,15.470
2015-05-20,15.340,15.490,16.000,27648416,15.480
2015-05-21,15.550,15.670,16.170,22643096,16.000
2015-05-22,16.000,16.000,17.600,40047240,17.600
2015-05-25,17.500,17.980,18.500,42687560,17.690
2015-05-26,17.350,17.700,18.290,34521984,18.000
2015-05-27,17.410,18.000,19.200,34458680,18.710
2015-05-28,16.840,18.470,19.150,32707432,16.850
2015-05-29,15.800,16.880,17.270,22589988,16.910
2015-06-01,17.010,17.280,18.290,22118836,17.860
2015-06-02,17.610,18.000,18.550,24251988,18.490
2015-06-03,17.640,18.510,18.680,23905314,17.970
2015-06-04,16.300,18.000,18.060,19627324,17.620
2015-06-05,17.000,17.950,18.000,21973548,17.820
2015-06-08,17.530,17.820,19.600,41647208,19.130
2015-06-09,18.250,18.780,19.110,22844816,18.440
2015-06-10,18.010,18.440,19.180,27152480,18.800
2015-06-11,18.600,18.790,20.680,33132406,20.680
2015-06-12,20.300,21.090,22.080,47977808,20.400
2015-06-15,19.610,20.000,20.720,24524430,19.690
2015-06-16,18.020,19.540,19.540,22817306,18.240
2015-06-17,17.300,18.350,18.820,19925536,18.780
2015-06-18,17.800,18.500,19.190,17596422,18.050
2015-06-19,16.300,17.520,17.700,14466168,16.600
2015-06-23,14.940,16.700,16.970,15378014,16.680
2015-06-24,16.200,16.750,17.500,17831864,17.260
2015-06-25,15.780,17.240,17.470,18718812,15.950
2015-06-26,14.360,15.310,15.700,15189502,14.360
2015-06-29,12.920,14.600,14.720,20279312,12.930
2015-06-30,11.650,12.600,13.800,22322988,13.620
2015-07-01,12.260,13.330,13.880,16718196,12.260
2015-07-02,11.030,12.300,12.400,18365920,11.030
2015-07-03,9.930,10.500,11.210,20041520,9.930
2015-07-06,8.940,10.920,10.920,30461312,9.060
2015-07-07,8.150,8.500,8.550,9741322,8.150
2015-07-08,7.340,7.340,7.340,3695300,7.340
2015-07-09,6.610,6.610,8.070,38045844,8.070
2015-07-10,8.360,8.380,8.880,21022744,8.880
2015-07-13,9.420,9.490,9.770,28029200,9.770
2015-07-14,9.800,10.000,10.750,52283256,10.750
2015-07-15,9.680,10.400,10.400,24944280,9.680
2015-07-16,8.710,8.740,10.230,33885732,9.740
2015-07-17,9.560,9.780,10.600,28045256,10.440
2015-07-20,10.000,10.440,11.280,37682428,10.880
2015-07-21,10.410,10.600,11.230,29930128,10.900
2015-07-22,10.550,10.810,11.250,32107324,11.150
2015-07-23,11.150,11.220,12.150,38762488,11.990
2015-07-24,11.380,11.810,12.030,32683752,11.540
2015-07-27,10.390,11.130,11.840,25028286,10.390
2015-07-28,9.350,9.470,10.590,24960788,9.660
2015-07-29,9.190,9.940,10.360,21655936,10.280
2015-07-30,10.000,10.200,10.680,22241912,10.060
2015-07-31,9.360,9.700,10.030,19787028,9.550
2015-08-03,8.600,9.430,9.500,19961488,8.740
2015-08-04,8.830,8.900,9.600,17397156,9.550
2015-08-05,9.330,9.510,10.050,23519150,9.660
2015-08-06,9.080,9.250,9.880,13890604,9.690
2015-08-07,9.850,9.850,10.660,18421136,10.660
2015-08-10,11.100,11.110,11.730,11284358,11.730
2015-08-11,12.900,12.900,12.900,6661348,12.900
2015-08-12,12.700,13.000,14.190,72096208,14.190
2015-08-13,13.900,14.180,15.610,40537984,15.610
2015-08-14,17.170,17.170,17.170,7111993,17.170
2015-08-17,16.980,17.800,18.890,96214112,18.890
2015-08-18,17.000,18.900,19.200,90757600,17.000
2015-08-19,15.850,16.180,18.700,101477832,18.700
2015-08-20,16.830,19.200,19.600,129034832,16.870
2015-08-21,15.160,15.500,16.280,69197456,15.160
2015-08-24,13.640,14.110,15.810,98641896,13.760
2015-08-25,12.800,13.420,14.740,108080016,13.440
2015-08-26,12.750,12.880,14.780,127991456,14.220
2015-08-27,12.800,14.500,14.890,119822944,14.460
2015-08-28,13.600,14.080,15.910,119891856,15.910
2015-08-31,15.000,15.390,16.990,105006808,15.910
2015-09-01,14.320,15.250,15.500,53746524,14.320
2015-09-02,12.890,12.890,15.150,78154920,12.890
2015-09-07,11.600,13.000,13.770,63808072,11.880
2015-09-08,10.800,11.780,13.070,78322592,13.060
2015-09-09,12.680,12.980,14.280,94887016,14.110
2015-09-10,13.400,13.500,14.190,62094744,13.540
2015-09-11,13.400,13.400,14.890,78378112,14.890
2015-09-14,13.400,15.400,15.990,104336336,13.880
2015-09-15,12.580,13.010,14.250,66348640,12.890
2015-09-16,12.870,13.000,14.180,61949856,14.180
2015-09-17,13.980,14.180,15.600,106319256,14.660
2015-09-18,14.400,14.900,15.650,90834072,15.190
2015-09-21,14.620,14.800,15.990,79783408,15.740
2015-09-22,15.500,15.500,16.810,84312160,16.060
2015-09-23,14.720,15.600,15.880,66810684,14.950
2015-09-24,14.840,15.110,15.590,41620760,15.300
2015-09-25,14.500,15.340,15.680,49333820,14.760
2015-09-28,13.500,14.560,15.000,38838968,14.550
2015-09-29,13.900,14.050,14.880,30797958,14.100
2015-09-30,13.600,14.130,14.310,25061720,13.660
2015-10-08,13.900,14.180,14.640,32220016,14.470
2015-10-09,14.250,14.440,14.870,36307536,14.600
2015-10-12,14.690,14.700,15.780,56729472,15.390
2015-10-13,15.140,15.230,16.930,79607816,16.930
2015-10-14,15.930,16.890,17.140,76973160,15.980
2015-10-15,15.830,15.830,16.930,57665316,16.680
2015-10-16,16.450,16.680,18.350,100822000,18.280
2015-10-19,17.400,17.890,18.830,95036416,17.670
2015-10-20,17.360,17.680,18.600,59802040,17.850
2015-10-21,16.070,17.610,17.960,59145016,16.070
2015-10-22,16.000,16.070,17.330,51643260,17.050
2015-10-23,16.880,16.990,18.760,66293920,18.760
2015-10-26,17.730,19.500,19.780,92999424,18.380
2015-10-27,17.300,17.960,18.380,50251536,18.230
2015-10-28,16.800,17.890,18.390,44020808,17.060
2015-10-29,17.010,17.180,18.050,36125188,17.440
2015-10-30,16.620,17.300,17.690,33275984,17.050
2015-11-02,16.050,16.500,17.500,27525084,16.490
2015-11-03,16.080,16.490,17.030,24657416,16.740
2015-11-04,16.700,16.740,17.650,36456776,17.610
2015-11-05,17.280,17.700,18.190,36679152,17.420
2015-11-06,17.350,17.470,17.830,34950812,17.610
2015-11-09,16.900,17.310,17.700,34702256,17.440
2015-11-10,17.250,17.390,18.500,52556140,17.960
2015-11-11,17.350,17.640,17.990,35943416,17.620
2015-11-12,17.000,17.600,17.750,32214680,17.060
2015-11-13,16.680,16.710,17.970,33175636,17.080
2015-11-16,16.520,16.700,16.950,21970280,16.920
2015-11-17,16.840,17.100,17.480,27408512,16.970
2015-11-18,16.640,16.840,17.450,22573742,16.690
2015-11-19,16.200,16.600,16.850,23643198,16.780
2015-11-20,16.420,16.780,17.100,23524740,16.560
2015-11-23,16.190,16.590,16.600,17923226,16.260
2015-11-24,16.250,16.340,16.610,14332636,16.450
2015-11-25,16.250,16.400,16.790,20143060,16.700
2015-11-26,16.590,16.770,17.300,33179492,16.930
2015-11-27,15.240,16.750,16.810,28629912,15.240
2015-11-30,13.800,15.030,15.260,21132692,14.770
2015-12-01,14.400,14.770,15.020,13478467,14.680
2015-12-02,13.820,14.610,14.740,11269483,14.450
2015-12-03,14.480,14.550,15.100,16973078,15.000
2015-12-04,14.850,14.950,15.440,17037676,15.090
2015-12-07,14.920,15.100,15.220,10986409,15.110
2015-12-08,14.300,14.980,14.990,12923301,14.410
2015-12-09,13.940,14.210,14.450,10432179,14.070
2015-12-10,14.090,14.090,15.150,22362864,14.530
2015-12-11,14.100,14.200,14.570,10604935,14.210
2015-12-14,13.980,14.040,14.600,10483393,14.580
2015-12-15,14.580,14.700,14.990,11395928,14.740
2015-12-16,14.600,14.740,14.860,9593711,14.660
2015-12-17,14.720,14.740,15.090,16473702,15.000
2015-12-18,14.890,15.050,15.250,14922969,14.930
2015-12-21,14.800,14.950,15.360,15020204,15.140
2015-12-22,15.100,15.190,15.490,14718884,15.280
2015-12-23,14.910,15.220,15.850,29992544,15.550
2015-12-24,14.950,15.380,15.520,13590051,15.220
2015-12-25,15.110,15.220,15.390,9166136,15.250
2015-12-28,15.120,15.250,15.700,16360389,15.140
2015-12-29,15.160,15.160,15.750,17418463,15.690
2015-12-30,15.500,15.700,16.030,19998359,15.630
2015-12-31,15.530,15.660,15.850,14316751,15.670
2016-01-04,14.100,15.610,15.670,12444372,14.110
2016-01-05,12.940,13.000,14.640,17235232,14.050
2016-01-06,13.900,14.030,14.300,10406447,14.250
2016-01-07,12.830,14.000,14.000,3292900,12.840
2016-01-08,11.700,13.300,13.410,14715660,12.500
2016-01-11,11.250,12.240,12.240,12885724,11.250
2016-01-12,10.620,11.010,11.420,11211744,11.060
2016-01-13,10.160,11.400,11.710,19799908,10.360
2016-01-14,9.520,9.520,10.750,16700991,10.620
2016-01-15,10.220,10.450,11.120,14867247,10.350
2016-01-18,10.110,10.120,11.130,15873412,10.980
2016-01-19,10.820,10.820,11.520,19338498,11.440
2016-01-20,11.000,11.250,11.450,14923551,11.130
2016-01-21,10.500,10.900,11.330,10942373,10.530
2016-01-22,10.410,10.720,11.380,11940773,11.170
2016-01-25,11.220,11.320,11.900,19492325,11.740
2016-01-26,10.600,11.540,11.740,17257368,10.630
2016-01-27,10.210,10.750,11.690,21591655,11.690
2016-01-28,11.500,11.700,12.860,49676831,12.220
2016-01-29,11.360,12.000,12.680,40749061,12.430
2016-02-01,11.390,12.230,12.330,24370461,11.700
2016-02-02,11.650,11.700,12.400,24721170,12.360
2016-02-03,11.640,12.060,12.180,18718070,12.090
2016-02-04,12.060,12.220,12.660,27196107,12.260
2016-02-05,12.170,12.170,12.900,28257499,12.380
2016-02-15,11.660,11.900,12.680,19986092,12.490
2016-02-16,12.400,12.490,13.040,24680585,12.940
2016-02-17,12.720,12.790,13.290,24745976,12.960
2016-02-18,12.840,13.110,13.820,36867581,13.380
2016-02-19,12.920,13.300,13.300,22300132,13.090
2016-02-22,13.060,13.200,13.370,18324895,13.220
2016-02-23,12.750,13.220,13.350,16844742,13.000
2016-02-24,12.810,12.900,14.300,42522161,14.300
2016-02-25,13.370,14.510,15.080,77109164,13.690
2016-02-26,13.500,14.000,14.690,55729600,14.140
2016-02-29,12.730,13.580,13.580,28480635,12.730
2016-03-01,11.460,12.220,12.470,40224238,12.120
2016-03-02,11.810,11.890,12.780,32926810,12.620
2016-03-03,12.390,12.600,13.880,52027609,13.300
2016-03-04,12.020,13.070,13.150,41310756,12.220
2016-03-07,12.210,12.350,12.880,23475176,12.610
2016-03-08,11.610,12.500,12.640,23280758,12.590
2016-03-09,12.020,12.100,13.650,33044495,12.580
2016-03-10,12.490,12.500,13.180,32138882,12.690
2016-03-11,12.120,12.280,12.690,19081219,12.540
2016-03-14,12.670,12.800,13.270,27851386,12.980
2016-03-15,12.910,12.910,13.490,25967698,13.190
2016-03-16,12.680,13.390,13.410,20033358,12.850
2016-03-17,12.900,12.950,13.670,30605829,13.500
2016-03-18,13.420,13.470,14.070,38277108,13.880
2016-03-21,13.800,13.990,14.650,41176958,14.210
2016-03-22,13.900,14.010,14.490,27065725,14.260
2016-03-23,14.030,14.110,14.370,17841285,14.280
2016-03-24,13.610,14.080,14.320,21932820,13.650
2016-03-25,13.660,13.800,14.550,30657237,14.480
2016-03-28,13.860,14.710,14.780,31572231,14.020
2016-03-29,13.200,13.900,13.940,19606477,13.380
2016-03-30,13.450,13.550,13.800,14808695,13.770
2016-03-31,13.630,13.770,14.290,22175823,13.890
2016-04-01,13.620,13.700,14.100,14587612,13.770
2016-04-05,13.740,13.770,14.190,19683541,14.110
2016-04-06,13.900,13.980,14.250,18323031,14.150
2016-04-07,13.610,14.150,14.190,17837165,13.650
2016-04-08,13.240,13.630,13.650,11794733,13.410
2016-04-11,13.540,13.570,13.950,12233114,13.620
2016-04-12,13.240,13.640,13.730,10762011,13.370
2016-04-13,13.450,13.510,13.720,14106355,13.500
2016-04-14,13.540,13.600,13.830,12981399,13.760
2016-04-15,13.600,13.750,14.380,33529158,14.160
2016-04-18,13.760,13.900,14.380,29980824,14.190
2016-04-19,14.050,14.280,14.350,19244807,14.190
2016-04-20,12.880,14.190,14.430,29349851,13.200
2016-04-21,12.750,13.050,13.350,16460576,12.840
2016-04-22,12.450,12.800,12.950,9272275,12.790
2016-04-25,12.460,12.650,13.280,10929000,12.980
2016-04-26,12.730,12.900,13.030,7963310,12.980
2016-04-27,12.890,12.980,13.130,8967918,12.910
2016-04-28,12.760,12.920,13.250,11379296,12.980
2016-04-29,12.750,12.850,13.030,7363278,12.770
2016-05-03,12.730,12.890,13.150,12102073,13.110
2016-05-04,13.110,13.170,13.470,17347436,13.200
2016-05-05,13.110,13.290,13.350,11390301,13.330
2016-05-06,12.720,13.420,13.440,15344102,12.750
2016-05-09,12.010,12.520,12.740,11200068,12.130
2016-05-10,11.760,12.150,12.260,9867300,11.780
2016-05-11,11.630,11.920,11.960,5853375,11.670
2016-05-12,10.920,11.480,11.480,11351973,11.400
2016-05-13,11.200,11.390,11.510,7071692,11.330
2016-05-16,11.240,11.320,11.540,6723433,11.520
2016-05-17,11.350,11.500,11.590,7814343,11.500
2016-05-18,10.500,11.470,11.470,14463643,10.850
2016-05-19,10.750,10.900,11.080,7245833,10.790
2016-05-20,10.560,10.620,10.970,7153103,10.950
2016-05-23,10.890,10.940,11.180,7661888,11.100
2016-05-24,10.820,11.100,11.140,5631917,10.840
2016-05-25,10.710,10.980,11.040,5022571,10.800
2016-05-26,10.460,10.800,10.880,6976729,10.820
2016-05-27,10.600,10.750,11.010,7864784,10.910
2016-05-30,10.730,10.800,11.080,7305848,10.920
2016-05-31,10.910,10.990,11.380,12799302,11.370
2016-06-01,11.260,11.320,11.510,11637773,11.360
2016-06-02,11.280,11.360,11.640,13071444,11.620
2016-06-03,11.430,11.630,11.720,11578924,11.580
2016-06-06,12.550,12.550,12.740,8959182,12.740
2016-06-07,12.600,13.000,13.390,38165351,12.830
2016-06-08,12.210,12.660,12.770,21542004,12.270
2016-06-13,11.570,12.130,12.400,19319810,11.610
2016-06-14,11.520,11.550,11.750,8785488,11.740
2016-06-15,11.450,11.580,12.200,14898168,12.110
2016-06-16,11.710,12.030,12.090,12944890,11.790
2016-06-17,11.700,11.800,11.950,9207137,11.870
2016-06-20,11.560,11.660,11.840,6820224,11.750
2016-06-21,11.590,11.850,11.970,7983060,11.640
2016-06-22,11.560,11.620,11.800,6873009,11.780
2016-06-23,11.610,11.770,11.880,7364217,11.770
2016-06-24,10.860,11.780,11.850,11449904,11.350
2016-06-27,11.060,11.240,11.550,7210397,11.540
2016-06-28,11.420,11.430,12.190,15912970,11.900
2016-06-29,11.800,11.980,12.050,13383286,12.030
2016-06-30,11.770,12.000,12.000,8650846,11.900
2016-07-01,11.850,11.970,12.040,8876595,11.910
2016-07-04,11.630,11.880,12.120,13131111,12.060
2016-07-05,12.000,12.070,12.160,12595710,12.130
2016-07-06,12.010,12.050,12.240,10130882,12.190
2016-07-07,11.930,12.200,12.210,10732494,12.030
2016-07-08,11.940,12.030,12.070,5987439,12.010
2016-07-11,12.010,12.040,12.480,17925024,12.210
2016-07-12,12.010,12.180,12.560,16855077,12.520
2016-07-13,12.340,12.480,12.690,13627794,12.520
2016-07-14,12.460,12.520,12.750,9709114,12.660
2016-07-15,12.480,12.700,12.720,7571670,12.490
2016-07-18,12.410,12.550,12.650,8149297,12.530
2016-07-19,12.300,12.560,12.580,8018838,12.540
2016-07-20,12.450,12.460,12.900,14156555,12.840
2016-07-21,12.700,12.820,13.450,26102669,13.180
2016-07-22,12.920,13.070,13.300,14147234,12.940
2016-07-25,12.800,12.940,13.110,10158451,13.100
2016-07-26,12.930,13.200,13.250,10003631,13.060
2016-07-27,12.360,13.080,13.380,32446187,12.910
2016-07-28,12.440,12.910,13.390,32628518,13.340
2016-07-29,12.560,13.150,13.230,18183022,12.660
2016-08-01,11.960,12.410,12.440,13271196,12.110
2016-08-02,12.020,12.140,12.950,18436651,12.890
2016-08-03,12.720,12.780,13.340,29120608,13.180
2016-08-04,12.950,13.200,13.220,17722827,13.080
2016-08-05,13.010,13.050,13.880,34428557,13.090
2016-08-08,12.960,13.020,13.860,34504736,13.690
2016-08-09,13.400,13.550,14.090,34733262,13.990
2016-08-10,13.680,13.930,13.990,18825093,13.800
2016-08-11,13.710,13.800,14.490,40426130,13.990
2016-08-12,13.610,13.850,14.110,21815151,14.060
2016-08-15,13.830,14.060,15.300,42527999,14.950
2016-08-16,15.000,15.090,16.450,71693984,15.940
2016-08-17,15.700,15.700,17.530,69105382,17.530
2016-08-18,17.580,17.980,19.280,142844240,18.570
2016-08-19,18.070,18.200,20.380,125130401,19.770
2016-08-22,17.730,19.070,19.070,74592376,17.730
2016-08-23,17.420,17.650,18.270,61908142,17.710
2016-08-24,17.650,18.300,19.190,93897518,17.680
2016-08-25,15.950,16.700,16.700,72685431,16.540
2016-08-26,16.010,16.300,16.700,49839628,16.110
2016-08-29,16.120,16.170,16.990,51124104,16.690
2016-08-30,16.260,16.510,16.790,32363239,16.700
2016-08-31,16.300,16.670,17.090,40597268,16.860
2016-09-01,16.510,16.710,17.410,45630422,16.550
2016-09-02,16.320,16.350,17.160,42126056,16.870
2016-09-05,16.730,16.860,18.170,64768717,17.920
2016-09-06,17.100,17.800,17.930,44624478,17.850
2016-09-07,17.000,17.660,17.780,40474029,17.020
2016-09-08,16.260,16.900,16.900,34654023,16.650
2016-09-09,16.390,16.550,16.850,22236116,16.520
2016-09-12,15.640,15.970,16.240,23796222,15.680
2016-09-13,15.410,15.810,15.910,17916156,15.820
2016-09-14,15.580,15.670,16.340,18878073,15.860
2016-09-19,15.660,15.870,16.240,17964636,16.190
2016-09-20,15.850,16.150,16.150,11589450,15.930
2016-09-21,15.740,15.940,16.170,11187156,15.810
2016-09-22,15.870,15.920,16.180,19445320,16.090
2016-09-23,15.490,16.090,16.090,19394165,15.670
2016-09-26,14.920,15.510,15.550,16752203,14.940
2016-09-27,14.750,14.750,15.620,21769105,15.520
2016-09-28,15.380,15.470,15.880,17784996,15.540
2016-09-29,15.460,15.540,15.890,16490488,15.750
2016-09-30,15.630,15.640,15.840,9489949,15.670
2016-10-10,15.750,15.990,16.100,13439090,15.990
2016-10-11,16.500,16.500,17.500,58250455,17.360
2016-10-12,16.830,16.980,17.200,31457709,17.070
2016-10-13,16.620,17.120,17.200,27388136,16.660
2016-10-14,16.400,16.630,16.950,22715567,16.820
2016-10-17,16.450,16.710,16.990,18502901,16.540
2016-10-18,16.550,16.550,17.080,28041727,16.910
2016-10-19,16.600,16.910,17.040,19320599,16.780
2016-10-20,16.750,16.850,17.240,31562364,17.120
2016-10-21,16.500,16.960,17.110,21589619,16.750
2016-10-24,16.550,16.760,16.870,13318483,16.750
2016-10-25,16.620,16.700,17.060,17580994,16.930
2016-10-26,16.600,16.930,16.970,14925172,16.700
2016-10-27,16.450,16.720,16.780,10817988,16.550
2016-10-28,16.010,16.510,16.630,14996478,16.040
2016-10-31,15.750,15.800,16.020,8916989,15.900
2016-11-01,15.820,15.900,16.450,14877090,16.340
2016-11-02,16.100,16.230,17.200,40130123,16.780
2016-11-03,16.490,16.570,16.970,23116334,16.670
2016-11-04,16.630,16.690,17.770,42662064,17.300
2016-11-07,16.870,17.380,17.440,25263791,17.200
2016-11-08,17.090,17.290,17.920,44076988,17.670
2016-11-09,16.880,17.520,17.650,33389518,17.190
2016-11-10,17.180,17.390,17.700,27296675,17.490
2016-11-11,17.310,17.480,17.880,28388003,17.360
2016-11-14,16.960,17.180,17.350,18826544,17.070
2016-11-15,16.960,17.050,17.780,32671843,17.530
2016-11-16,17.460,17.480,18.540,53023057,18.300
2016-11-17,17.610,18.090,18.100,31182850,17.810
2016-11-18,17.450,17.650,18.160,24814690,17.630
2016-11-21,17.420,17.520,17.820,18329301,17.530
2016-11-22,17.590,17.780,18.500,34226720,17.800
2016-11-23,17.210,17.500,17.680,23734454,17.250
2016-11-24,17.000,17.250,17.490,15675827,17.150
2016-11-25,16.450,17.040,17.170,16025697,16.980
2016-11-28,16.730,16.990,17.160,10962593,16.980
2016-11-29,16.240,16.800,16.930,16404338,16.510
2016-11-30,16.400,16.500,16.770,10038931,16.590
2016-12-01,16.460,16.580,16.790,8722632,16.690
2016-12-02,15.960,16.730,16.730,13099197,16.030
2016-12-05,15.600,15.900,16.100,6254487,15.940
2016-12-06,15.990,15.990,16.480,10316533,16.330
2016-12-07,16.210,16.400,17.070,15158751,16.770
2016-12-08,16.400,16.680,16.950,11321862,16.450
2016-12-09,16.280,16.330,17.150,23729375,16.780
2016-12-12,16.090,16.580,17.490,31607089,16.210
2016-12-13,15.250,15.740,16.290,20710005,16.080
2016-12-14,15.800,15.990,17.250,31317616,16.800
2016-12-15,16.500,16.640,18.250,59646788,17.930
2016-12-16,17.320,17.700,18.980,63646131,17.500
2016-12-19,17.110,17.380,19.080,66263193,18.670
2016-12-20,17.760,18.280,18.370,42572211,17.930
2016-12-21,17.420,17.790,18.180,30084806,17.900
2016-12-22,17.620,17.940,18.700,47989908,18.410
2016-12-23,17.210,18.170,18.250,35236338,17.460
2016-12-26,16.960,17.380,17.680,19702837,17.650
2016-12-27,17.500,17.540,18.730,47341119,18.660
2016-12-28,18.180,18.500,18.740,37856591,18.240
2016-12-29,17.850,18.180,18.790,32026099,18.390
2016-12-30,18.210,18.210,18.870,33594646,18.250
2017-01-03,18.250,18.250,19.150,44172778,18.730
2017-01-04,18.320,18.580,19.430,50269877,19.330
2017-01-05,18.910,19.240,19.480,43658059,19.140
2017-01-06,18.470,18.980,19.170,34132360,18.530
2017-01-09,18.100,18.280,18.900,28634012,18.850
2017-01-10,18.130,18.800,19.290,39788297,18.190
2017-01-11,17.300,17.850,18.000,31348235,17.350
2017-01-12,17.360,17.470,17.870,19975766,17.490
2017-01-13,16.710,17.350,17.540,20075357,16.790
2017-01-16,15.120,16.860,17.090,24024797,16.220
2017-01-17,15.680,15.900,16.440,14723494,16.360
2017-01-18,16.160,16.300,16.580,11790969,16.280
2017-01-19,16.050,16.200,16.450,8639392,16.120
2017-01-20,16.000,16.070,16.350,7931470,16.300
2017-01-23,16.330,16.330,16.580,8454110,16.460
2017-01-24,16.160,16.540,16.550,7956854,16.200
2017-01-25,16.130,16.150,16.300,6028671,16.230
2017-01-26,16.230,16.230,16.430,7548067,16.420
2017-02-03,16.260,16.450,16.500,4740900,16.280
2017-02-06,16.340,16.350,16.740,13244462,16.710
2017-02-07,16.570,16.610,17.170,18143844,17.050
2017-02-08,16.730,16.930,17.050,10913018,17.040
2017-02-09,16.900,17.000,17.090,11355423,17.050
2017-02-10,16.670,17.040,17.120,13087151,16.760
2017-02-13,16.520,16.580,17.080,12072069,16.860
2017-02-14,16.700,16.860,17.050,11033290,16.900
2017-02-15,16.990,17.000,17.740,37334671,17.320
2017-02-16,17.050,17.280,17.960,38358879,17.820
2017-02-17,17.450,18.080,18.330,42956117,17.830
2017-02-20,17.350,17.400,17.980,26376952,17.700
2017-02-21,17.640,17.740,18.290,38974860,18.120
2017-02-22,17.560,17.910,18.000,24483978,17.730
2017-02-23,17.300,17.700,17.760,16302098,17.460
2017-02-24,17.360,17.480,17.600,8515567,17.480
2017-02-27,17.100,17.410,17.580,10218595,17.170
2017-02-28,17.110,17.240,17.350,8696300,17.280
2017-03-01,17.180,17.280,17.440,11094754,17.270
2017-03-02,16.910,17.320,17.420,12497301,16.920
2017-03-03,16.590,16.820,16.870,12762391,16.710
2017-03-06,16.750,16.750,16.980,7797102,16.880
2017-03-07,16.780,16.840,17.080,9406510,16.910
2017-03-08,16.600,16.940,17.000,9776072,16.670
2017-03-09,16.340,16.680,16.690,9315830,16.370
2017-03-10,16.350,16.370,16.570,5905601,16.360
2017-03-13,16.100,16.340,16.490,7725110,16.460
2017-03-14,16.370,16.450,16.540,6599714,16.430
2017-03-15,16.200,16.420,16.460,6365800,16.210
2017-03-16,16.280,16.280,16.490,7647841,16.490
2017-03-17,16.280,16.520,16.640,8611892,16.350
2017-03-20,16.180,16.360,16.420,6333551,16.310
2017-03-21,16.240,16.310,16.600,9026540,16.470
2017-03-22,16.100,16.360,16.360,9529273,16.180
2017-03-23,15.840,16.220,16.260,10194622,15.940
2017-03-24,15.830,15.940,16.110,6410477,15.960
2017-03-27,15.950,15.960,16.260,8291866,16.150
2017-03-28,16.060,16.080,16.210,4740262,16.090
2017-03-29,16.000,16.090,16.200,5398491,16.010
2017-03-30,15.320,15.990,16.010,11402195,15.390
2017-03-31,15.330,15.390,15.570,4261315,15.460
2017-04-05,15.450,15.460,15.790,6502687,15.680
2017-04-06,15.530,15.750,15.750,5587305,15.550
2017-04-07,15.500,15.540,15.780,7587609,15.680
2017-04-10,15.340,15.620,15.650,7196090,15.360
2017-04-11,14.810,15.350,15.430,9997776,15.220
2017-04-12,15.000,15.200,15.370,7828935,15.240
2017-04-13,15.030,15.180,15.260,5148001,15.090
2017-04-14,14.400,15.040,15.070,11343775,14.420
2017-04-17,13.850,14.410,14.410,8502302,13.890
2017-04-18,13.800,13.910,14.070,4699330,13.890
2017-04-19,13.180,13.900,13.930,6491388,13.500
2017-04-20,13.210,13.480,13.580,5187701,13.290
2017-04-21,13.220,13.370,13.430,3683643,13.320
2017-04-24,12.520,13.380,13.380,6463577,12.530
2017-04-25,12.450,12.450,12.690,5200412,12.500
2017-04-26,12.470,12.550,12.690,5141379,12.620
2017-04-27,12.010,12.590,12.750,8763821,12.720
2017-04-28,12.580,12.640,13.250,9702642,13.240
2017-05-02,12.990,13.110,13.340,7052770,13.140
2017-05-03,12.960,13.140,13.580,11763577,13.390
2017-05-04,13.060,13.280,13.300,6470900,13.080
2017-05-05,12.730,12.890,13.230,5038100,12.760
2017-05-08,12.690,12.850,13.100,5609500,12.700
2017-05-09,12.380,12.830,12.830,5439316,12.720
2017-05-10,12.200,12.750,12.800,4999288,12.300
2017-05-11,11.650,12.200,12.280,7101902,12.080
2017-05-12,11.780,12.040,12.270,5743910,11.980
2017-05-15,11.870,11.960,12.090,3952413,11.940
2017-05-16,11.860,11.950,12.390,6976290,12.370
2017-05-17,12.300,12.390,12.460,5628955,12.390
2017-05-18,12.140,12.260,12.340,4191015,12.170
2017-05-19,12.170,12.230,12.480,5612601,12.340
2017-05-22,12.020,12.250,12.340,4509603,12.040
2017-05-23,11.500,12.040,12.150,6669926,11.510
2017-05-24,11.210,11.520,11.560,4672452,11.440
2017-05-25,11.100,11.450,11.590,6779008,11.520
2017-05-26,11.430,11.500,11.580,4771600,11.450
2017-05-31,11.640,11.800,12.600,21589329,12.600
2017-06-01,12.060,12.600,12.640,19702366,12.090
2017-06-02,11.560,11.800,12.050,11928566,12.000
2017-06-05,11.900,11.960,12.510,13324992,12.350
2017-06-06,12.070,12.400,12.400,8490427,12.240
2017-06-07,12.170,12.170,12.530,12318974,12.500
2017-06-08,12.360,12.500,12.570,9027681,12.530
2017-06-09,12.540,12.580,13.250,21758243,12.810
2017-06-12,12.350,12.600,12.700,10341967,12.410
2017-06-13,12.310,12.380,12.670,7086831,12.560
2017-06-14,12.460,12.540,12.980,10457113,12.560
2017-06-15,12.490,12.520,12.870,9623371,12.760
2017-06-16,12.720,12.720,12.980,8239318,12.840
2017-06-19,12.700,12.830,12.980,6940430,12.860
2017-06-20,12.580,12.820,12.880,9358819,12.600
2017-06-21,12.510,12.640,12.830,7632530,12.660
2017-06-22,12.350,12.630,12.850,8674152,12.360
2017-06-23,11.860,12.380,12.400,9839425,12.110
2017-06-26,12.080,12.100,12.290,4350400,12.280
2017-06-27,12.220,12.270,12.530,5973300,12.440
2017-06-28,12.170,12.380,12.430,5123176,12.210
2017-06-29,12.170,12.190,12.330,3993853,12.230
2017-06-30,11.970,12.150,12.210,5646786,12.090
2017-07-03,12.040,12.110,12.160,4486710,12.150
2017-07-04,12.040,12.150,12.170,3766600,12.080
2017-07-05,12.050,12.090,12.180,4554100,12.180
2017-07-06,12.140,12.180,12.300,6009404,12.290
2017-07-07,12.200,12.260,12.550,11152244,12.500
2017-07-10,12.300,12.460,12.940,18608312,12.840
2017-07-11,12.720,12.730,13.470,31940077,13.100
2017-07-12,12.630,12.980,13.260,17203494,12.970
2017-07-13,12.740,12.940,13.200,12925098,13.170
2017-07-14,12.920,13.160,13.330,13603919,13.010
2017-07-17,11.720,12.900,12.900,18520406,11.740
2017-07-18,11.730,11.800,12.280,9478530,12.100
2017-07-19,11.930,12.100,12.310,9423948,12.240
2017-07-20,12.180,12.180,12.490,9582728,12.230
2017-07-21,12.120,12.230,12.470,9155058,12.300
2017-07-24,12.190,12.320,12.380,6947378,12.350
2017-07-25,12.020,12.350,12.360,7643643,12.070
2017-07-26,12.050,12.050,12.280,6597252,12.270
2017-07-27,12.140,12.250,12.400,9434215,12.360
2017-07-28,12.220,12.350,12.450,6674966,12.230
2017-07-31,12.070,12.210,12.270,6807413,12.180
2017-08-01,12.170,12.180,12.770,20335649,12.680
2017-08-02,12.410,12.520,12.670,10775893,12.600
2017-08-03,12.510,12.660,12.830,13980092,12.750
2017-08-04,12.500,12.750,12.920,12086626,12.510
2017-08-07,12.320,12.500,12.620,7482358,12.610
2017-08-08,12.490,12.600,12.760,8830438,12.700
2017-08-09,12.530,12.640,12.730,6574176,12.590
2017-08-10,12.270,12.540,12.650,8367608,12.300
2017-08-11,11.920,12.280,12.280,8675224,11.990
2017-08-14,12.020,12.020,12.190,3854066,12.170
2017-08-15,12.170,12.180,12.340,4769101,12.250
2017-08-16,12.090,12.250,12.320,4719309,12.290
2017-08-17,12.260,12.310,12.560,9963965,12.540
2017-08-18,12.430,12.500,13.030,22751908,12.860
2017-08-21,12.700,13.020,13.110,14572382,12.760
2017-08-22,12.650,12.720,12.870,8669901,12.730
2017-08-23,12.220,12.590,12.590,7915996,12.270
2017-08-24,12.200,12.250,12.580,8593178,12.340
2017-08-25,12.260,12.270,12.500,6222175,12.460
2017-08-28,12.440,12.470,12.610,7980340,12.570
2017-08-29,12.510,12.560,12.700,10283213,12.690
2017-08-30,13.050,13.500,13.960,43426621,13.100
2017-08-31,12.790,12.910,13.050,22999597,12.890
2017-09-01,12.700,12.900,13.000,16853402,12.880
2017-09-04,12.700,12.830,12.890,10476808,12.750
2017-09-05,12.700,12.750,12.830,7119472,12.760
2017-09-06,12.610,12.730,12.800,8447139,12.670
2017-09-07,12.610,12.680,12.750,8382800,12.670
2017-09-08,12.560,12.640,12.850,11271842,12.770
2017-09-11,12.660,12.700,12.770,6533752,12.700
2017-09-12,12.500,12.690,12.730,9126393,12.500
2017-09-13,12.480,12.500,12.650,4745702,12.590
2017-09-14,12.520,12.550,12.710,6528500,12.650
2017-09-15,12.460,12.610,12.680,5985816,12.490
2017-09-18,12.440,12.490,12.590,4751594,12.560
2017-09-19,12.530,12.550,12.720,6490101,12.560
2017-09-20,12.440,12.530,12.600,6025956,12.580
2017-09-21,12.490,12.530,13.200,23028704,12.800
2017-09-22,12.550,12.660,12.770,10095904,12.560
2017-09-25,12.060,12.520,12.560,9968902,12.140
2017-09-26,12.120,12.130,12.220,3519970,12.190
2017-09-27,12.180,12.190,12.270,3183802,12.200
2017-09-28,12.070,12.190,12.220,4182183,12.110
2017-09-29,12.100,12.120,12.220,3623326,12.160
2017-10-09,12.190,12.300,12.320,4082474,12.240
2017-10-10,12.210,12.240,12.360,4431215,12.360
2017-10-11,12.300,12.350,12.480,7185132,12.450
2017-10-12,12.330,12.470,13.440,20909199,12.620
